{
  "name": "New Stage",
  "background": "tatami.jpg",
  "spawnX": 0,
  "spawnY": 5,
  "objects": [
    {
      "type": "platform",
      "x": -1.1520293951034546,
      "y": -0.7821172475814819,
      "width": 6,
      "height": 0.5,
      "angle": 0.3102442579074083,
      "color": 4285238819
    },
    {
      "type": "platform",
      "x": 12.729792594909668,
      "y": -6.585145950317383,
      "width": 6,
      "height": 0.5,
      "angle": -0.38913981656218377,
      "color": 4285238819
    },
    {
      "type": "platform",
      "x": -1.4247560501098633,
      "y": -20.15029525756836,
      "width": 6,
      "height": 0.5,
      "angle": 0.5220173225012879,
      "color": 4285238819
    },
    {
      "type": "platform",
      "x": 10.250503540039062,
      "y": -38.801597595214844,
      "width": 6,
      "height": 0.5,
      "angle": 0,
      "color": 4285238819
    }
  ]
}
